F3,FZ,F4,C3,C4,P3,PZ,P4
-12.03252792,-1.328881502,3.239704609,-12.43074703,-17.58279419,5.118870258,18.20235825,-4.902644634